Name,Active,Region
?Akisq'nuk First Nation,TRUE,South East
?Esdilagh,TRUE,North West
?Esdilagh First Nation Government,TRUE,North East
100 Mile House,TRUE,North East
105 Mile House,TRUE,North East
108 Mile Ranch,TRUE,North East
111 Mile House,TRUE,North East
114 Mile House,TRUE,North East
12 Mile,TRUE,North West
122 Mile House,TRUE,North East
127 Mile House,TRUE,North East
141 Mile House,TRUE,North East
150 Mile House,TRUE,North East
40 Mile Flats,TRUE,North West
70 Mile House,TRUE,Central
93 Mile,TRUE,North East
Abbotsford,TRUE,South West
Aberdeen,TRUE,Central
Aberdeen,TRUE,South West
Adams Lake,TRUE,Central
Adams Lake Indian Band,TRUE,Central
Agassiz,TRUE,South West
Agate,TRUE,Central
Ahbau,TRUE,North East
Ahousaht,TRUE,Vancouver Island
Ainsworth Hot Springs,TRUE,South East
Aitchelitz First Nation,TRUE,South West
Aiyansh,TRUE,North West
Albas,TRUE,Central
Albert Canyon,TRUE,South East
Albion,TRUE,South West
Albreda,TRUE,North East
Alder Creek,TRUE,South West
Aldergrove,TRUE,South West
Alert Bay,TRUE,Vancouver Island
Alexandria,TRUE,North East
Alexis Creek,TRUE,North East
Aleza Lake,TRUE,North East
Alice Arm,TRUE,North West
Alkali Lake,TRUE,North East
Allenby,TRUE,Central
Alliford Bay,TRUE,North West
Allison Lake,TRUE,Central
Alpine Meadows,TRUE,South West
Alta Lake,TRUE,South West
Altamont,TRUE,South West
Altona,TRUE,North East
Alvin,TRUE,South West
Ambleside,TRUE,South West
Anaconda,TRUE,South East
Anahim Lake,TRUE,North East
Andimaul,TRUE,North West
Anglemont,TRUE,Central
Anmore,TRUE,South West
Annacis,TRUE,South West
Anniedale,TRUE,South West
Anvil Island,TRUE,South West
Apex Mountain,TRUE,Central
Appledale,TRUE,South East
Applegrove,TRUE,South East
Arbutus Ridge,TRUE,South West
Argenta,TRUE,South East
Armstrong,TRUE,Central
Arnold,TRUE,South West
Arras,TRUE,North East
Arrow Creek,TRUE,South East
Arrowhead,TRUE,South East
Ashcroft,TRUE,Central
Ashcroft Indian Band,TRUE,Central
Ashton Creek,TRUE,Central
Aspen Grove,TRUE,Central
Atbara,TRUE,South East
Atlin,TRUE,North West
Atluck,TRUE,Vancouver Island
Atnarko,TRUE,North East
Attachie,TRUE,North East
Austin Heights,TRUE,South West
Australian,TRUE,North East
Avola,TRUE,Central
Azouzetta Lake,TRUE,North East
Azu Ski Village,TRUE,North East
Baker Creek,TRUE,North East
Baldonnel,TRUE,North East
Baldy Hughes,TRUE,North East
Baldy Mountain Resort,TRUE,South East
Balfour,TRUE,South East
Balmoral,TRUE,Central
Balmoral Beach,TRUE,Vancouver Island
Bamberton,TRUE,Vancouver Island
Bamfield,TRUE,Vancouver Island
Barkerville,TRUE,North East
Barlow Creek,TRUE,North East
Barnet,TRUE,South West
Barnhartvale,TRUE,Central
Barnston Island,TRUE,South West
Barrett,TRUE,North West
Barrett Lake,TRUE,North West
Barriere,TRUE,Central
Barrowtown,TRUE,South West
Bastion Bay,TRUE,Central
Baynes Lake,TRUE,South East
Beach Grove,TRUE,South West
Beachcomber Bay,TRUE,Central
Bear Creek,TRUE,South West
Bear Flat,TRUE,North East
Bear Lake,TRUE,North East
Bear Lake,TRUE,North West
Beasley,TRUE,South East
Beaton,TRUE,South East
Beatton Ranch,TRUE,North East
Beaver Cove,TRUE,Vancouver Island
Beaver Creek,TRUE,Vancouver Island
Beaver Pass House,TRUE,North East
Beaver Point,TRUE,Vancouver Island
Beaverdell,TRUE,South East
Beaverley,TRUE,North East
Becher House,TRUE,North East
Bedwell Harbour,TRUE,Vancouver Island
Beecher Bay ,TRUE,Vancouver Island
Belcarra,TRUE,South West
Bell II,TRUE,North West
Bella Bella,TRUE,North East
Bella Coola,TRUE,North East
Belvedere,TRUE,South West
Bend,TRUE,North East
Benson Lake,TRUE,Vancouver Island
Beresford,TRUE,Central
Bergs,TRUE,South West
Beryl Prairie,TRUE,North East
Bessborough,TRUE,North East
Bestwick,TRUE,Central
Bevan,TRUE,Vancouver Island
Big Bar Creek,TRUE,Central
Big Bay,TRUE,Vancouver Island
Big Creek,TRUE,North East
Big White,TRUE,South East
Billings Bay,TRUE,South West
Binche Whut'en,TRUE,North West
Birchdale,TRUE,South East
Birchland Manor,TRUE,South West
Birken,TRUE,South West
Black Creek,TRUE,North East
Black Creek,TRUE,Vancouver Island
Blackcomb,TRUE,South West
Blackpool,TRUE,Central
Blackwater,TRUE,North East
Blaeberry,TRUE,South East
Blewett,TRUE,South East
Blind Bay,TRUE,Central
Blind Channel,TRUE,Vancouver Island
Bliss Landing,TRUE,Vancouver Island
Bloedel,TRUE,Vancouver Island
Blubber Bay,TRUE,Vancouver Island
Blucher Hall,TRUE,Central
Blue River,TRUE,Central
Blueberry Creek,TRUE,South East
Blueberry River First Nations,TRUE,North East
Blueridge,TRUE,South West
Boat Basin,TRUE,Vancouver Island
Boat Harbour,TRUE,Vancouver Island
Bob Quinn Lake,TRUE,North West
Bold Point,TRUE,Vancouver Island
Bonaparte,TRUE,Central
Bonnet Hill,TRUE,North East
Bonnington Falls,TRUE,South East
Boothroyd,TRUE,South West
Boring Ranch,TRUE,North East
Boston Bar,TRUE,South West
Boston Bar First Nation,TRUE,South West
Boston Flats,TRUE,Central
Boswell,TRUE,North East
Boswell,TRUE,South East
Bouchie Lake,TRUE,North East
Boundary Bay,TRUE,South West
Boundary Falls,TRUE,South East
Bowen Bay,TRUE,South West
Bowen Island,TRUE,South West
Bowser,TRUE,Vancouver Island
Box Lake,TRUE,South East
Brackendale,TRUE,South West
Bradner,TRUE,South West
Brady Ranch,TRUE,North East
Braeside,TRUE,North West
Bralorne,TRUE,South West
Brandywine,TRUE,South West
Brem River,TRUE,Vancouver Island
Brentwood Bay,TRUE,Vancouver Island
Brentwood Park,TRUE,South West
Brew Bay,TRUE,Vancouver Island
Brexton,TRUE,South West
Briar Ridge,TRUE,North East
Bridal Falls,TRUE,South West
Bridesville,TRUE,South East
Bridge Lake,TRUE,North East
Bridge River,TRUE,South West
Bridge River Indian Band,TRUE,Central
Bridge River Indian Band (Xwisten),TRUE,South West
Bridgeport,TRUE,South West
Bridgeview,TRUE,South West
Brigade Lake,TRUE,Central
Brighouse,TRUE,South West
Brilliant,TRUE,South East
Brisco,TRUE,South East
Brookmere,TRUE,Central
Brunswick Beach,TRUE,South West
Buccaneer Bay,TRUE,South West
Buckhorn,TRUE,North East
Buckley Bay,TRUE,Vancouver Island
Buffalo Creek,TRUE,North East
Buick,TRUE,North East
Bull Harbour,TRUE,Vancouver Island
Bull River,TRUE,South East
Buntzen Bay,TRUE,South West
Burnaby,TRUE,South West
Burns Lake,TRUE,North West
Burton,TRUE,South East
Butedale,TRUE,North West
Cache Creek,TRUE,Central
Caesars,TRUE,Central
Cahilty,TRUE,Central
Cale,TRUE,North East
Camborne,TRUE,South East
Cameron Lake,TRUE,Vancouver Island
Camp Artaban,TRUE,South West
Campbell Island,TRUE,North East
Campbell River,TRUE,Vancouver Island
Canal Flats,TRUE,South East
Canford,TRUE,Central
Canim,TRUE,North East
Canim Lake,TRUE,North East
Canim Lake Band,TRUE,North East
Canoe,TRUE,Central
Canoe,TRUE,North East
Canyon Alpine,TRUE,South West
Canyon Hot Springs,TRUE,South East
Cariboo,TRUE,North East
Carlin,TRUE,Central
Carlson,TRUE,North East
Carnaby,TRUE,North West
Carp Lake,TRUE,North East
Cascade,TRUE,South East
Cassiar,TRUE,North West
Cassidy,TRUE,Vancouver Island
Castle Rock,TRUE,North East
Castledale,TRUE,South East
Castlegar,TRUE,South East
Caswell,TRUE,North East
Cawston,TRUE,Central
Caycuse,TRUE,Vancouver Island
Cayoose Creek Band,TRUE,Central
Cayoose Creek Band,TRUE,South West
Cayoose Creek Band (Se'k'welwas),TRUE,South West
Cecil Lake,TRUE,North East
Cedar,TRUE,Vancouver Island
Cedarside,TRUE,North East
Cedarvale,TRUE,North West
Ceepeecee,TRUE,Vancouver Island
Celista,TRUE,Central
Central Saanich,TRUE,Vancouver Island
Chamiss Bay,TRUE,Vancouver Island
Chapmans,TRUE,South West
Charlie Lake,TRUE,North East
Charlotte Lake,TRUE,North East
Chase,TRUE,Central
Chaumox,TRUE,South West
Chawathil First Nation,TRUE,South West
Cheakamus,TRUE,South West
Cheam First Nation,TRUE,South West
Cheam View,TRUE,South West
Chemainus,TRUE,Vancouver Island
Cherryville,TRUE,Central
Cheslatta,TRUE,North West
Cheslatta Carrier Nation,TRUE,North West
Chetarpe,TRUE,Vancouver Island
Chetwynd,TRUE,North East
Chezacut,TRUE,North East
Chilanko Forks,TRUE,North East
Chilcotin Forest,TRUE,North East
Chilliwack,TRUE,South West
Chinook Cove,TRUE,Central
Choate,TRUE,South West
Chopaka,TRUE,Central
Christian Valley,TRUE,South East
Christina Lake,TRUE,South East
Chu Chua,TRUE,Central
Church House,TRUE,Vancouver Island
Cinema,TRUE,North East
Clairmont,TRUE,North East
Clapperton,TRUE,Central
Clayhurst,TRUE,North East
Clayoquot,TRUE,Vancouver Island
Clearwater,TRUE,Central
Cliffside,TRUE,Vancouver Island
Clinton,TRUE,Central
Clo-oose,TRUE,Vancouver Island
Cloverdale,TRUE,South West
Coal River,TRUE,North East
Coalmont,TRUE,Central
Cobble Hill,TRUE,Vancouver Island
Coldstream,TRUE,Central
Coldwater Indian Band,TRUE,Central
Colebank,TRUE,North East
Colleymount,TRUE,North West
Columere Park,TRUE,South East
Colwood,TRUE,Vancouver Island
Commodore Heights,TRUE,North East
Comox,TRUE,Vancouver Island
Cooks Ferry Indian Band,TRUE,Central
Coombs,TRUE,Vancouver Island
Copper Mountain,TRUE,Central
Coquitlam,TRUE,South West
Cordova Bay,TRUE,Vancouver Island
Cortes Bay,TRUE,Vancouver Island
Cottonwood,TRUE,North East
Cotwood,TRUE,North East
Courtenay,TRUE,Vancouver Island
Cowans Point,TRUE,South West
Cowichan Bay,TRUE,Vancouver Island
Cowichan Station,TRUE,Vancouver Island
Cowichan Tribes,TRUE,Vancouver Island
Cracroft,TRUE,Vancouver Island
Craigellachie,TRUE,Central
Cranbrook,TRUE,South East
Crawford Bay,TRUE,South East
Creekside,TRUE,South West
Crescent Spur,TRUE,North East
Crescent Valley,TRUE,South East
Creston,TRUE,South East
Criss Creek,TRUE,Central
Crofton,TRUE,Vancouver Island
Croydon,TRUE,North East
Cultus Lake,TRUE,South West
Cumberland,TRUE,Vancouver Island
Cumshewa,TRUE,North West
Da'naxda'xw First Nation,TRUE,Vancouver Island
D'Arcy,TRUE,South West
Darfield,TRUE,Central
Dashwood,TRUE,Vancouver Island
Davis Bay,TRUE,South West
Dawson Creek,TRUE,North East
Dawsons Landing,TRUE,North East
Daylu Dena Council,TRUE,North West
Dease Lake,TRUE,North West
Dease River First Nation,TRUE,North West
Decker Lake,TRUE,North West
Deep Bay,TRUE,Vancouver Island
Deep Creek,TRUE,Central
Deer Park,TRUE,South East
Deerholme,TRUE,Vancouver Island
Defot,TRUE,North West
Deka Lake,TRUE,North East
Delkatla,TRUE,North West
Delta,TRUE,South West
Demean,TRUE,North East
Denman Island,TRUE,Vancouver Island
Deroche,TRUE,South West
Devine,TRUE,South West
Dewdney,TRUE,South West
Dewey,TRUE,North East
Digby Island,TRUE,North West
Ditidaht First Nation,TRUE,Vancouver Island
Dodge Cove,TRUE,North West
Doe River,TRUE,North East
Dog Creek,TRUE,North East
Dog Creek,TRUE,North West
Dogwood Valley,TRUE,South West
Doig River,TRUE,North East
Doig River First Nations,TRUE,North East
Dokie Siding,TRUE,North East
Dolphin Beach,TRUE,Vancouver Island
Dome Creek,TRUE,North East
Donald,TRUE,South East
Donald Landing,TRUE,North West
Donnely Landing,TRUE,South West
Doriston,TRUE,South West
Dot,TRUE,Central
Douglas First Nation (Xaxtsa7),TRUE,South West
Douglas Lake,TRUE,Central
Dragon lake,TRUE,North East
Driftwood Creek,TRUE,North West
Duck Range,TRUE,Central
Dugan Lake,TRUE,North East
Duncan,TRUE,Vancouver Island
Duncanby Landing,TRUE,North East
Dundarave,TRUE,South West
Dunkley,TRUE,North East
Dunsmuir,TRUE,Vancouver Island
Dunster,TRUE,North East
Durieu,TRUE,South West
Dzawada'enuxw First Nation,TRUE,Vancouver Island
ʔaq̓am,TRUE,South East
Eagle Bay,TRUE,Central
Eagle Creek,TRUE,North East
Earls Cove,TRUE,South West
East Gate,TRUE,South East
East Pine,TRUE,North East
East Sooke,TRUE,Vancouver Island
Eastbourne,TRUE,South West
Eastgate,TRUE,Central
Echo Bay,TRUE,Vancouver Island
Ecoole,TRUE,Vancouver Island
Eddontenajon,TRUE,North West
Edgewater,TRUE,South East
Edgewood,TRUE,South East
Egmont,TRUE,South West
Ehattesaht Chinehkint First Nation,TRUE,Vancouver Island
Ekins Point,TRUE,South West
Ekwan,TRUE,North East
Elephant Crossing,TRUE,Vancouver Island
Elk Bay,TRUE,Vancouver Island
Elkford,TRUE,South East
Elko,TRUE,South East
Elleh Lake,TRUE,North East
Ellison,TRUE,Central
Elphinstone,TRUE,South West
Endako,TRUE,North West
Enderby,TRUE,Central
Engen,TRUE,North West
Enterprise,TRUE,North East
Erickson,TRUE,South East
Errington,TRUE,Vancouver Island
Esk'etemc First Nations,TRUE,North East
Esler,TRUE,North East
Esperanza,TRUE,Vancouver Island
Esquimalt,TRUE,Vancouver Island
Esquimalt First Nation,TRUE,Vancouver Island
Estevan Point,TRUE,Vancouver Island
Evans,TRUE,South West
Evelyn,TRUE,North West
Ewing,TRUE,Central
Exeter,TRUE,North East
Exstew,TRUE,North West
Extension,TRUE,Vancouver Island
Fair Harbour,TRUE,Vancouver Island
Fairbridge,TRUE,Vancouver Island
Fairmont Hot Springs,TRUE,South East
Fairview,TRUE,Central
Fairview,TRUE,South East
Falkland,TRUE,Central
False Bay,TRUE,Vancouver Island
Fanny Bay,TRUE,Vancouver Island
Farmington,TRUE,North East
Farrell Creek,TRUE,North East
Fauquier,TRUE,South East
Fellers Heights,TRUE,North East
Ferndale,TRUE,North East
Fernie,TRUE,South East
Fernwood,TRUE,Vancouver Island
Field,TRUE,South East
Fintry,TRUE,Central
Firvale,TRUE,North East
Flatrock,TRUE,North East
Floods,TRUE,South West
Fontas,TRUE,North East
Foreman,TRUE,North East
Forest Grove,TRUE,North East
Forest Knolls,TRUE,South West
Fort Babine,TRUE,North West
Fort Fraser,TRUE,North West
Fort Nelson,TRUE,North East
Fort Nelson First Nation,TRUE,North East
Fort Rupert,TRUE,Vancouver Island
Fort St. James,TRUE,North West
Fort St. John,TRUE,North East
Fort Steele,TRUE,South East
Fort Ware,TRUE,North East
Fountain,TRUE,South West
Fountain Valley,TRUE,South West
Fowler,TRUE,North West
François Lake,TRUE,North West
Fraser Lake,TRUE,North West
French Creek,TRUE,Vancouver Island
Fruitvale ,TRUE,South East
Fulford Harbour,TRUE,Vancouver Island
Furry Creek,TRUE,South West
Gabriola,TRUE,Vancouver Island
Galena Bay,TRUE,South East
Galiano,TRUE,Vancouver Island
Galloway,TRUE,South East
Gambier Harbour,TRUE,South West
Gang Ranch,TRUE,North East
Ganges,TRUE,Vancouver Island
Garden Bay,TRUE,South West
Garibaldi,TRUE,South West
Gates,TRUE,South West
Gateway,TRUE,North East
Genelle,TRUE,South East
Genoa Bay,TRUE,Vancouver Island
George River,TRUE,Vancouver Island
Germansen Landing,TRUE,North West
Gibsons ,TRUE,South West
Gifford,TRUE,South West
Gillies Bay,TRUE,Vancouver Island
Gingolx,TRUE,North West
Gingolx,TRUE,North West
Gitanmaax Band (Hazelton),TRUE,North West
Gitanyow,TRUE,North West
Gitga'at First Nation (Hartley Bay),TRUE,North West
Gitlaxksiip,TRUE,North West
Gitlaxt'aamiks,TRUE,North West
Gitsegukla First Nation,TRUE,North West
Gitwangak Indian Band (Kitwanga),TRUE,North West
Gitwinksihlkw,TRUE,North West
Gitwinksihlkw,TRUE,North West
Gitxaala Nation,TRUE,North West
Glade,TRUE,South East
Glen Valley,TRUE,South West
Glen Vowell,TRUE,North West
Glenannan,TRUE,North West
Gleneden,TRUE,Central
Glenemma,TRUE,Central
Glenora,TRUE,North West
Glentanna,TRUE,North West
Gold Bridge,TRUE,South West
Gold River,TRUE,Vancouver Island
Golden,TRUE,South East
Goldstream,TRUE,Vancouver Island
Good Hope Lake,TRUE,North East
Good Hope Lake,TRUE,North West
Goodlow,TRUE,North East
Gordon River,TRUE,Vancouver Island
Gramsons,TRUE,South West
Grand Forks,TRUE,South East
Grand Haven,TRUE,North East
Grand Rapids,TRUE,North West
Grandview Bench,TRUE,Central
Granisle,TRUE,North West
Granite Bay,TRUE,Vancouver Island
Grantham,TRUE,Vancouver Island
Granthams Landing,TRUE,South West
Grasmere,TRUE,South East
Grassy Plains,TRUE,North West
Great Central,TRUE,Vancouver Island
Greening,TRUE,North East
Greenwood,TRUE,South East
Grindrod,TRUE,Central
Groundbirch,TRUE,North East
Gundy,TRUE,North East
Gwa'Sala-Nakwaxda'xw Nations,TRUE,Vancouver Island
Gwawaenuk Tribe,TRUE,Vancouver Island
Hagensborg,TRUE,North East
Hagwilget,TRUE,North West
Haig,TRUE,South West
Haina,TRUE,North West
Haisla ,TRUE,North West
Haisla Nation (Kitimaat),TRUE,North West
Halalt First Nation,TRUE,Vancouver Island
Halfmoon Bay,TRUE,South West
Halfway Ranch,TRUE,North East
Halfway River First Nation,TRUE,North East
Hanceville,TRUE,North East
Hansard,TRUE,North East
Hardwicke Island,TRUE,Vancouver Island
Harrison Hot Springs,TRUE,South West
Harrison Mills,TRUE,South West
Harrop,TRUE,South East
Hartley Bay,TRUE,North West
Hatzic,TRUE,South West
Hazelton,TRUE,North West
Health Bay,TRUE,Vancouver Island
Hecate,TRUE,Vancouver Island
Hedley,TRUE,Central
Heffley Creek,TRUE,Central
Heiltsuk First Nation,TRUE,North East
Hells Gate,TRUE,South West
Hemlock Valley,TRUE,South West
Hendrix Lake,TRUE,North East
Heriot Bay,TRUE,Vancouver Island
Hesquiaht First Nation,TRUE,Vancouver Island
Heydon Bay,TRUE,Vancouver Island
Hickethier Ranch,TRUE,North East
High Bar First Nation,TRUE,Central
Highlands,TRUE,Vancouver Island
Hilliers,TRUE,Vancouver Island
Hills,TRUE,South East
Hippa,TRUE,North West
Hisnit,TRUE,Vancouver Island
Hiusta Meadow,TRUE,North West
Hixon,TRUE,North East
Hkusam,TRUE,Vancouver Island
Holberg,TRUE,Vancouver Island
Holmwood,TRUE,Central
Homalco First Nation,TRUE,Vancouver Island
Homfray Creek,TRUE,Vancouver Island
Honeymoon Bay,TRUE,Vancouver Island
Hope,TRUE,South West
Hope Bay,TRUE,Vancouver Island
Hopetown,TRUE,Vancouver Island
Hopkins Landing,TRUE,South West
Hornby Island,TRUE,Vancouver Island
Horsefly,TRUE,North East
Horseshoe Bay,TRUE,South West
Hosmer,TRUE,South East
Hot Springs Cove,TRUE,Vancouver Island
Houpsitas,TRUE,Vancouver Island
Houston,TRUE,North West
Howser,TRUE,South East
Hudson's Hope,TRUE,North East
Hullcar,TRUE,Central
Hupacasath First Nation,TRUE,Vancouver Island
Hupel,TRUE,Central
Huscroft,TRUE,South East
Hutton,TRUE,North East
Huu-ay-aht First Nations,TRUE,Vancouver Island
Hyde Creek,TRUE,Vancouver Island
Inkaneep,TRUE,Central
Invermere,TRUE,South East
Iracard,TRUE,North East
Iron Bay,TRUE,South West
Irvines Landing,TRUE,South West
Iskut,TRUE,North West
Iskut First Nation,TRUE,North West
Jackson Bay,TRUE,Vancouver Island
Jacksons,TRUE,North West
Jade City,TRUE,North West
Jaffray,TRUE,South East
Jedway,TRUE,North West
Jesmond,TRUE,Central
Jeune Landing,TRUE,Vancouver Island
Jim Smith Lake,TRUE,South East
Johnsons Landing,TRUE,South East
Jordan River,TRUE,Vancouver Island
Jura,TRUE,Central
Juskatla,TRUE,North West
Ka:youk,TRUE,Vancouver Island
Ka:'yu:'k't'h'/Che:k:tles7et'h' First Nations,TRUE,Vancouver Island
Kakawis,TRUE,Vancouver Island
Kaleden,TRUE,Central
Kamloops,TRUE,Central
Kanaka Bar,TRUE,Central
Kanaka Bar Indian Band,TRUE,Central
Kaslo,TRUE,South East
Katzie First Nation,TRUE,South West
Keats Island,TRUE,South West
Kelly Lake,TRUE,Central
Kelly Lake,TRUE,North East
Kelowna,TRUE,Central
Kemano,TRUE,North West
Kendrick Camp,TRUE,Vancouver Island
Kent,TRUE,South West
Keremeos,TRUE,Central
Kersley,TRUE,North East
Kettle Valley,TRUE,South East
Kicking Horse,TRUE,South East
Kildala Arm,TRUE,North West
Kildonan,TRUE,Vancouver Island
Kilgard,TRUE,South West
Kilkerran,TRUE,North East
Kimberley,TRUE,South East
Kimsquit,TRUE,North East
Kingcome,TRUE,Vancouver Island
Kingcome Inlet,TRUE,Vancouver Island
Kingfisher,TRUE,Central
Kingsgate,TRUE,South East
Kiskatinaw,TRUE,North East
Kispiox,TRUE,North West
Kispiox Band ,TRUE,North West
Kitamaat ,TRUE,North West
Kitasoo,TRUE,North West
Kitasoo Band,TRUE,North West
Kitchener,TRUE,South East
Kitimat,TRUE,North West
Kitkatla,TRUE,North West
Kitsault,TRUE,North West
Kitseguecla,TRUE,North West
Kitselas,TRUE,North West
Kitselas First Nation,TRUE,North West
Kitsumkalum,TRUE,North West
Kitsumkalum First Nation,TRUE,North West
Kitwanga,TRUE,North West
Kiusta,TRUE,North West
Klahoose First Nation,TRUE,Vancouver Island
Kleecoot,TRUE,Vancouver Island
Kleena Kleene,TRUE,North East
Kleindale,TRUE,South West
Klemtu,TRUE,North West
Kliikliihuwis,TRUE,Vancouver Island
Knockholt,TRUE,North West
Kobes,TRUE,North East
Kokish,TRUE,Vancouver Island
Koksilah,TRUE,Vancouver Island
K'omoks First Nation,TRUE,Vancouver Island
Kootenay Bay,TRUE,South East
Kootenay National Park,TRUE,South East
Kragmont,TRUE,South East
Krestova,TRUE,South East
Ksan,TRUE,North West
Kuldo,TRUE,North West
Kung,TRUE,North West
Kuskonook,TRUE,South East
Kwadacha Nation,TRUE,North East
Kwakiutl First Nation,TRUE,Vancouver Island
Kwantlen First Nation,TRUE,South West
Kwaw-kwaw-Apilt First Nation,TRUE,South West
Kwiakah First Nation,TRUE,Vancouver Island
Kwikwasut'inuxw Haxwa'mis First Nation,TRUE,Vancouver Island
Kwikwetlem First Nation,TRUE,South West
Kwinitsa,TRUE,North West
Kyuquot,TRUE,Vancouver Island
Lac la Hache,TRUE,North East
Lac Le Jeune,TRUE,Central
Ladner,TRUE,South West
Ladysmith,TRUE,Vancouver Island
Laidlaw,TRUE,South West
Lake Babine,TRUE,North West
Lake Country,TRUE,Central
Lake Cowichan,TRUE,Vancouver Island
Lake Cowichan First Nation,TRUE,Vancouver Island
Lake Errock,TRUE,South West
Lake Kathlyn,TRUE,North West
Lakelse Lake,TRUE,North West
Laketon,TRUE,North West
Lang Bay,TRUE,Vancouver Island
Langdale,TRUE,South West
Langford,TRUE,Vancouver Island
Langley(City),TRUE,South West
Langley(Township),TRUE,South West
Lantzville,TRUE,Vancouver Island
Lardeau,TRUE,South East
Larsons Landing,TRUE,Vancouver Island
Lasqueti,TRUE,Vancouver Island
Lavington,TRUE,Central
Lawnhill,TRUE,North West
Lax Kw'alaams,TRUE,North West
Lax Kw'alaams First Nation,TRUE,North West
Laxgalts'ap,TRUE,North West
Laxgalt'sap,TRUE,North West
Leechtown,TRUE,Vancouver Island
Lejac,TRUE,North West
Lemon Creek,TRUE,South East
Leq'a:mel First Nation,TRUE,South West
Lheidli T'enneh,TRUE,North East
Lhoosk'uz Dene Nation,TRUE,North East
Lhtako Dené  Nation,TRUE,North East
Liard River,TRUE,North East
Likely,TRUE,North East
Lillooet,TRUE,Central
Lil'wat Nation (Mount Currie),TRUE,South West
Lindell,TRUE,South West
Lindell Beach,TRUE,South West
Lindeman,TRUE,North West
Lions Bay,TRUE,South West
Lister,TRUE,South East
Little Fort,TRUE,Central
Little River,TRUE,Vancouver Island
Little Shuswap Indian Band,TRUE,Central
Little Shuswap Lake,TRUE,Central
Lockeport,TRUE,North West
Logan Lake,TRUE,Central
Lone Butte,TRUE,North East
Long Harbour,TRUE,Vancouver Island
Longworth,TRUE,North East
Loon Lake,TRUE,Central
Louis Creek,TRUE,Central
Lower Nicola,TRUE,Central
Lower Nicola Indian Band,TRUE,Central
Lower Post,TRUE,North West
Lower Similkameen,TRUE,Central
Lower Similkameen Indian Band,TRUE,Central
Lubin,TRUE,North East
Lumby,TRUE,Central
Lund,TRUE,Vancouver Island
Lust Subdivision,TRUE,North East
Lyackson First Nation,TRUE,Vancouver Island
Lytton,TRUE,Central
Lytton First Nation,TRUE,Central
Mabel Lake,TRUE,Central
Mackenzie,TRUE,North East
Mackin,TRUE,North East
Madeira Park,TRUE,South West
Magna Bay,TRUE,Central
Magnum Mine,TRUE,North East
Mah:kiit,TRUE,Vancouver Island
Mahatta River,TRUE,Vancouver Island
Malahat,TRUE,Vancouver Island
Malahat Nation,TRUE,Vancouver Island
Malakwa,TRUE,Central
Malibu,TRUE,South West
Mamalilikulla First Nation,TRUE,Vancouver Island
Manning Park,TRUE,Central
Manson Creek,TRUE,North West
Mansons Landing,TRUE,Vancouver Island
Mapes,TRUE,North West
Maple Bay,TRUE,Vancouver Island
Maple Ridge,TRUE,South West
Maq:cup,TRUE,Vancouver Island
Mara,TRUE,Central
Marguerite,TRUE,North East
Marktosis,TRUE,Vancouver Island
Marron Valley,TRUE,Central
Marshall School Junction,TRUE,Vancouver Island
Marten Lake,TRUE,North West
Masset,TRUE,North West
Matilpi,TRUE,Vancouver Island
Matsqui First Nation,TRUE,South West
Mayne Island,TRUE,Vancouver Island
McBride,TRUE,North East
McCalls Landing,TRUE,South West
McCulloch,TRUE,Central
McGillivray,TRUE,South West
McGregor,TRUE,North East
McLeese Lake,TRUE,North East
McLeod,TRUE,North West
McLeod Lake,TRUE,North East
McLeod Lake Indian Band,TRUE,North East
McLure,TRUE,Central
McNab Creek,TRUE,South West
Meadow Creek,TRUE,South East
Meadows,TRUE,South East
Meem Quam Leese,TRUE,Vancouver Island
Meldrum Creek,TRUE,North East
Merritt,TRUE,Central
Merton,TRUE,North East
Merville,TRUE,Vancouver Island
Mesachie Lake,TRUE,Vancouver Island
Metchosin,TRUE,Vancouver Island
Metlakatla,TRUE,North West
Meziadin Junction,TRUE,North West
Mica Creek,TRUE,South East
Midway,TRUE,South East
Mill Bay,TRUE,Vancouver Island
Mill Bay,TRUE,Vancouver Island
Millers Landing,TRUE,South West
Millstream,TRUE,Vancouver Island
Milnes Landing,TRUE,Vancouver Island
Minaty Bay,TRUE,South West
Minstrel Island,TRUE,Vancouver Island
Miocene,TRUE,North East
Miracle Valley,TRUE,South West
Mirror Lake,TRUE,South East
Mission,TRUE,South West
Miworth,TRUE,North East
Moberly,TRUE,South East
Moberly Lake,TRUE,North East
Monias Lake,TRUE,North East
Monroe Lake,TRUE,South East
Monte Creek,TRUE,Central
Monte Lake,TRUE,Central
Montney,TRUE,North East
Montrose,TRUE,South East
Moose Heights,TRUE,North East
Mooyah Bay,TRUE,Vancouver Island
Moresby Camp,TRUE,North West
Moricetown,TRUE,North West
Mount Currie,TRUE,South West
Mount Fitzwilliam,TRUE,North East
Mount Gardner,TRUE,South West
Mount Robson,TRUE,North East
Mount Washington,TRUE,Vancouver Island
Mowachaht/Muchalaht First Nation,TRUE,Vancouver Island
Moyie,TRUE,South East
Mud Bay,TRUE,Vancouver Island
Muncho Lake,TRUE,North East
Murdale,TRUE,North East
Musgrave Landing,TRUE,Vancouver Island
Musquem Indian Band,TRUE,South West
Myra,TRUE,Central
Myrtle Point,TRUE,Vancouver Island
Nadleh Whut'en First Nation,TRUE,North West
Nahmint,TRUE,Vancouver Island
Nahun,TRUE,Central
Nak'azdli Whut'en,TRUE,North West
Nakusp,TRUE,South East
Nakusp Hot Springs,TRUE,South East
Namgis First Nation,TRUE,Vancouver Island
Namu,TRUE,North East
Nanaimo,TRUE,Vancouver Island
Nanoose Bay,TRUE,Vancouver Island
Naramata,TRUE,Central
Narcosli Creek,TRUE,North East
Nasookin,TRUE,South East
Nass Camp,TRUE,North West
Nazko,TRUE,North East
Nazko First Nation,TRUE,North East
Needles,TRUE,South East
Needley,TRUE,North East
Nee-Tahi-Buhn Band,TRUE,North West
Nelson,TRUE,South East
Nelson Forks,TRUE,North East
Nelway,TRUE,South East
Nemaiah Valley,TRUE,North East
Neskonlith Indian Band,TRUE,Central
New Aiyansh,TRUE,North West
New Aiyansh,TRUE,North West
New Brighton,TRUE,South West
New Clew,TRUE,North West
New Denver,TRUE,South East
New Hazelton,TRUE,North West
New Lake,TRUE,South East
New Westminster,TRUE,South West
Newcastle,TRUE,Vancouver Island
Newgate,TRUE,South East
Nicola,TRUE,Central
Nicomen,TRUE,Central
Nicomen Indian Band,TRUE,Central
Nicomen Indian Band,TRUE,South West
Nimpkish,TRUE,Vancouver Island
Nimpkish Heights,TRUE,Vancouver Island
Nimpo Lake,TRUE,North East
Ninstints,TRUE,North West
Nooaitch,TRUE,Central
Nooaitch Indian Band,TRUE,Central
Nootka,TRUE,Vancouver Island
Noralee,TRUE,North West
Norbury Lakes,TRUE,South East
North Bend,TRUE,South West
North Bonaparte,TRUE,Central
North Bulkley,TRUE,North West
North Cowichan,TRUE,Vancouver Island
North Nechako,TRUE,North East
North Pine,TRUE,North East
North Saanich,TRUE,Vancouver Island
North Star,TRUE,South East
North Vancouver,TRUE,South West
Northern Rockies Regional Municipality,TRUE,North East
Notch Hill,TRUE,Central
N'Quatqua First Nation,TRUE,South West
Nuchaquis,TRUE,Vancouver Island
Nuchatlaht First Nation,TRUE,Vancouver Island
Nuchatlitz,TRUE,Vancouver Island
Nukko Lake,TRUE,North East
Nulki,TRUE,North West
Nursery,TRUE,South East
Nuxalk Nation,TRUE,North East
Oasis,TRUE,South East
Ocean Falls,TRUE,North East
Ogden,TRUE,South West
Okanagan Falls,TRUE,Central
Okanagan Indian Band,TRUE,Central
Olalla,TRUE,Central
Old Fort,TRUE,North East
Old Fort,TRUE,North West
Old Hogem,TRUE,North West
Old Massett,TRUE,North West
Old Remo,TRUE,North West
Oliver ,TRUE,Central
Oliver's Landing,TRUE,South West
Oona River,TRUE,North West
Ootischenia,TRUE,South East
Ootsa Lake,TRUE,North West
Opitsat,TRUE,Vancouver Island
Oregon Jack Creek Band,TRUE,Central
Osborn,TRUE,North East
Osoyoos,TRUE,Central
Osoyoos Indian Band,TRUE,Central
Osprey Lake,TRUE,Central
Othello,TRUE,South West
Otter Bay,TRUE,Vancouver Island
Otway,TRUE,North East
Oweekeno,TRUE,North East
Owen Bay,TRUE,Vancouver Island
Owl Creek,TRUE,South West
Oyama,TRUE,Central
Oyster River,TRUE,Vancouver Island
Pacheedaht First Nation,TRUE,Vancouver Island
Paldi,TRUE,Vancouver Island
Panorama,TRUE,South East
Paradise Point,TRUE,Central
Park Siding,TRUE,South East
Parkland,TRUE,North East
Parksville,TRUE,Vancouver Island
Parson,TRUE,South East
Pasley Island,TRUE,South West
Pass Creek,TRUE,South East
Passmore,TRUE,South East
Paterson,TRUE,South East
Pauquachin First Nation,TRUE,Vancouver Island
Pavilion,TRUE,South West
Peachland,TRUE,Central
Peejay,TRUE,North East
Pemberton,TRUE,South West
Pemberton Meadows,TRUE,South West
Pender Island,TRUE,Vancouver Island
Pendleton Bay,TRUE,North West
Penelakut Tribe,TRUE,Vancouver Island
Penny,TRUE,North East
Penticton,TRUE,Central
Penticton Indian Band ,TRUE,Central
Perow,TRUE,North West
Perrys,TRUE,South East
Peters First Nation,TRUE,South West
Phillips Arm,TRUE,Vancouver Island
Pinantan Lake,TRUE,Central
Pinchi,TRUE,North West
Pinchi Lake,TRUE,North West
Pine Valley,TRUE,North East
Pinegrove,TRUE,North East
Pinesul,TRUE,North East
Pineview,TRUE,North East
Pink Mountain,TRUE,North East
Pioneer Mine,TRUE,South West
Pitt Meadows,TRUE,South West
Playmor Junction,TRUE,South East
Plumper Harbour,TRUE,Vancouver Island
Pope Landing,TRUE,South West
Popkum,TRUE,South West
Poplar Creek,TRUE,South East
Port Alberni,TRUE,Vancouver Island
Port Albion,TRUE,Vancouver Island
Port Alice,TRUE,Vancouver Island
Port Clements,TRUE,North West
Port Coquitlam,TRUE,South West
Port Douglas,TRUE,South West
Port Edward,TRUE,North West
Port Essington,TRUE,North West
Port Hardy,TRUE,Vancouver Island
Port McNeill,TRUE,Vancouver Island
Port Mellon,TRUE,South West
Port Moody,TRUE,South West
Port Neville,TRUE,Vancouver Island
Port Renfrew,TRUE,Vancouver Island
Port Washington,TRUE,Vancouver Island
Porteau,TRUE,South West
Porter Landing,TRUE,North West
Pouce Coupe,TRUE,North East
Powell River,TRUE,Vancouver Island
Prairiedale,TRUE,North West
Premier,TRUE,North West
Prespatou,TRUE,North East
Prince George,TRUE,North East
Prince Rupert,TRUE,North West
Princeton,TRUE,Central
Pritchard,TRUE,Central
Procter,TRUE,South East
Progress,TRUE,North East
Prophet River,TRUE,North East
Prophet River First Nation,TRUE,North East
Punchaw,TRUE,North East
Puntledge,TRUE,Vancouver Island
Qualicum Bay,TRUE,Vancouver Island
Qualicum Beach,TRUE,Vancouver Island
Qualicum First Nation,TRUE,Vancouver Island
Quathiaski Cove,TRUE,Vancouver Island
Quatsino,TRUE,Vancouver Island
Queen Charlotte,TRUE,North West
Queens Bay,TRUE,South East
Queens Cove,TRUE,Vancouver Island
Quesnel,TRUE,North East
Quesnel View,TRUE,North East
Quick,TRUE,North West
Quilchena,TRUE,Central
Quinsam,TRUE,Vancouver Island
Radium,TRUE,South East
Ranchero,TRUE,Central
Raspberry,TRUE,South East
Rayleigh,TRUE,Central
Read Island,TRUE,Vancouver Island
Red Bluff,TRUE,North East
Red Mountain Road,TRUE,South East
Redfish,TRUE,South East
Redroofs,TRUE,South West
Redstone,TRUE,North East
Refuge Cove,TRUE,Vancouver Island
Remac,TRUE,South East
Remo,TRUE,North West
Renata,TRUE,South East
Retallack,TRUE,South East
Revelstoke,TRUE,South East
Rhone,TRUE,South East
Rich Bar,TRUE,North East
Richmond,TRUE,South West
Riondel,TRUE,South East
Riske Creek,TRUE,North East
Rivervale,TRUE,South East
Roberts Creek,TRUE,South West
Robson,TRUE,South East
Robson West,TRUE,South East
Rock Bay,TRUE,Vancouver Island
Rock Creek,TRUE,South East
Roe Lake,TRUE,North East
Rolla,TRUE,North East
Roosville,TRUE,South East
Rosbud Lake,TRUE,South East
Rose Harbour,TRUE,North West
Rose Prairie,TRUE,North East
Rosebery,TRUE,South East
Ross Spur,TRUE,South East
Rossland,TRUE,South East
Rosswood,TRUE,North West
Round Lake,TRUE,North West
Round Prairie,TRUE,South East
Roy,TRUE,Vancouver Island
Royston,TRUE,Vancouver Island
Ruby Creek,TRUE,South West
Rumble Beach,TRUE,Vancouver Island
Ruskin,TRUE,South West
Rykerts,TRUE,South East
Saanich,TRUE,Vancouver Island
Saanichton,TRUE,Vancouver Island
Saik'uz First Nation,TRUE,North West
Salmo,TRUE,South East
Salmon Arm,TRUE,Central
Salmon Beach,TRUE,Vancouver Island
Salmon Valley,TRUE,North East
Saltair,TRUE,Vancouver Island
Saltery Bay,TRUE,Vancouver Island
Samahquam First Nation,TRUE,South West
San Josef,TRUE,Vancouver Island
Sanca,TRUE,South East
Sandon,TRUE,South East
Sandspit,TRUE,North West
Saratoga Beach,TRUE,Vancouver Island
Sarita,TRUE,Vancouver Island
Saseenos,TRUE,Vancouver Island
Saturna,TRUE,Vancouver Island
Saulteau First Nations,TRUE,North East
Savona,TRUE,Central
Savory,TRUE,North West
Sayward,TRUE,Vancouver Island
Scia'new First Nation (Beecher Bay),TRUE,Vancouver Island
Scotch Creek,TRUE,Central
Seaside Park,TRUE,South West
Sechelt ,TRUE,South West
Sechelt First Nation,TRUE,South West
Secret Cove,TRUE,South West
Selma Park,TRUE,South West
Semiahmoo First Nation,TRUE,South West
Seton Lake Band,TRUE,Central
Seton Portage,TRUE,South West
Seven Mile Corner,TRUE,North East
Sewall,TRUE,North West
Seymour Arm,TRUE,Central
Seymour Lake,TRUE,North West
Seymour Landing,TRUE,South West
Shackan Indian Band ,TRUE,Central
Shady Valley,TRUE,North East
Shalalth,TRUE,South West
Shawl Bay,TRUE,Vancouver Island
Shawnigan Lake,TRUE,Vancouver Island
Shearer Dale,TRUE,North East
Shearwater,TRUE,North East
Shelley,TRUE,North East
Shelter Bay,TRUE,South East
Sheraton,TRUE,North West
Sheridan Lake,TRUE,North East
Sheslay,TRUE,North West
Shingle Creek,TRUE,Central
Shirley,TRUE,Vancouver Island
Shoreacres,TRUE,South East
Shoreholme,TRUE,South East
Shushartie,TRUE,Vancouver Island
Shuswap Indian Band,TRUE,South East
Shutty Bench,TRUE,South East
Shxwhá:y Village,TRUE,South West
Shxw'ow'hamel First Nation,TRUE,South West
Sicamous,TRUE,Central
Sidney,TRUE,Vancouver Island
Sikanni Chief,TRUE,North East
Sik-e-Dakh ,TRUE,North West
Silver Creek,TRUE,Central
Silver Creek,TRUE,South West
Silver River,TRUE,South West
Silver Star,TRUE,Central
Silver Valley,TRUE,South West
Silverdale,TRUE,South West
Silverhill,TRUE,South West
Silverton,TRUE,South East
Simoom Sound,TRUE,Vancouver Island
Simpcw First Nation,TRUE,Central
Sinclair Mills,TRUE,North East
Sinkut River,TRUE,North West
Sirdar,TRUE,South East
Siska First Nation,TRUE,Central
Six Mile,TRUE,South East
Skatin Nations,TRUE,South West
Skawahlook First Nation,TRUE,South West
Skeena Crossing,TRUE,North West
Skeetchestn Indian Band,TRUE,Central
Skidegate,TRUE,North West
Skidegate Landing,TRUE,North West
Skin Tyee Nation,TRUE,North West
Skookumchuck,TRUE,South East
Skookumchuck,TRUE,South West
Skowkale First Nation,TRUE,South West
Skuppah Indian Band,TRUE,Central
Skwah First Nation,TRUE,South West
Slesse Park,TRUE,South West
Slocan,TRUE,South East
Slocan Park,TRUE,South East
Smithers,TRUE,North West
Smithers Landing,TRUE,North West
Snaw-Naw-As First Nation,TRUE,Vancouver Island
Snug Cove,TRUE,South West
Snuneymuxw First Nation,TRUE,Vancouver Island
Soda Creek,TRUE,North East
Sointula,TRUE,Vancouver Island
Solsqua,TRUE,Central
Somenos,TRUE,Vancouver Island
Songhees Nation,TRUE,Vancouver Island
Sooke,TRUE,Vancouver Island
Soowahlie First Nation (Cultus Lake),TRUE,South West
Sorrento,TRUE,Central
South Dawson,TRUE,North East
South Fort George,TRUE,North East
South Hazelton,TRUE,North West
South Lakeside,TRUE,North East
South Shalalth,TRUE,South West
South Slocan,TRUE,South East
South Sumas,TRUE,South West
South Taylor,TRUE,North East
South Wellington,TRUE,Vancouver Island
Southbank,TRUE,North West
Spallumcheen,TRUE,Central
Sparwood,TRUE,South East
Spatsum,TRUE,Central
Spences Bridge,TRUE,Central
Spillimacheen,TRUE,South East
Splatsin First Nation,TRUE,Central
Springhouse,TRUE,North East
Sproat Lake,TRUE,Vancouver Island
Sproatt,TRUE,South West
Spuzzum,TRUE,South West
Sq'ewlets,TRUE,South West
Squamish,TRUE,South West
Squamish Nation,TRUE,South West
Squeah,TRUE,South West
Squiala First Nation,TRUE,South West
Squilax,TRUE,Central
Squirrel Cove,TRUE,Vancouver Island
St Mary Lake,TRUE,South East
St. Eugene Mission,TRUE,South East
St. Ives,TRUE,Central
Stanley,TRUE,North East
Stave Falls,TRUE,South West
Steelhead,TRUE,South West
Stellat'en First Nation,TRUE,North West
Stewardson Inlet,TRUE,Vancouver Island
Stewart ,TRUE,North West
Stikine,TRUE,North West
Stillwater,TRUE,Vancouver Island
Stockett,TRUE,Vancouver Island
Stories Beach,TRUE,Vancouver Island
Strathcona Regional District,TRUE,Vancouver Island
Sts'ailes First Nation,TRUE,South West
Stswecem'c Xgat'tem First Nation,TRUE,North East
Stuart Island,TRUE,Vancouver Island
Stuie,TRUE,North East
Stump Lake,TRUE,Central
Sturdies Bay,TRUE,Vancouver Island
Stz'uminus First Nation,TRUE,Vancouver Island
Sullivan Bay,TRUE,Vancouver Island
Sumas First Nation,TRUE,South West
Summerland,TRUE,Central
Summit Lake,TRUE,North East
Summit Lake,TRUE,South East
Sun Peaks,TRUE,Central
Sunnybrae,TRUE,Central
Sunrise Valley,TRUE,North East
Sunset Prairie,TRUE,North East
Sunshine Bay,TRUE,South East
Sunshine Valley,TRUE,South West
Suquash,TRUE,Vancouver Island
Surge Narrows,TRUE,Vancouver Island
Surprise,TRUE,North West
Surrey,TRUE,South West
Swansea,TRUE,South East
Swartz Bay,TRUE,Vancouver Island
Sweetwater,TRUE,North East
Syringa Park,TRUE,South East
Tête Jaune Cache,TRUE,North East
Tabor Mountain Ski Resort,TRUE,North East
Tachie,TRUE,North West
Taft,TRUE,Central
Taghum,TRUE,South East
Tahltan,TRUE,North West
Tahltan First Nation,TRUE,North West
Tahsis,TRUE,Vancouver Island
Takla Lake First Nation,TRUE,North West
Takla Landing,TRUE,North West
Taku,TRUE,North West
Taku River Tlinget First Nation,TRUE,North West
Tallheo,TRUE,North East
Tamarack,TRUE,North East
Tanu,TRUE,North West
Tappen,TRUE,Central
Tarrys,TRUE,South East
Tasu,TRUE,North West
Tatla Lake,TRUE,North East
Tatlayoko Lake,TRUE,North East
Tatlow,TRUE,North West
Tatton,TRUE,North East
Taylor,TRUE,North East
Teakerne Arm,TRUE,Vancouver Island
Telachick,TRUE,North East
Telegraph Cove,TRUE,Vancouver Island
Telegraph Creek,TRUE,North West
Telkwa,TRUE,North West
Ten Mile Lake,TRUE,North East
Terrace,TRUE,North West
T'exelc (Williams Lake Band),TRUE,North East
Theodosia Arm,TRUE,Vancouver Island
Thetis Island,TRUE,Vancouver Island
Thompson Sound,TRUE,Vancouver Island
Three Forks,TRUE,South East
Three Valley Gap,TRUE,Central
Three Valley Gap,TRUE,South East
Thrums,TRUE,South East
Thunder River,TRUE,Central
Thurlow,TRUE,Vancouver Island
Tintagel,TRUE,North West
Tipella,TRUE,South West
T'it'q'et First Nation,TRUE,Central
T'it'q'et First Nation,TRUE,South West
Tk'emlúps te Secwépemc,TRUE,Central
Tla'amin Nation,TRUE,Vancouver Island
Tla-o-qui-aht First Nation,TRUE,Vancouver Island
Tla-o-qui-aht First Nations,TRUE,Vancouver Island
Tlatlasikwala First Nation,TRUE,Vancouver Island
Tl'azt'en Nation,TRUE,North West
Tlell,TRUE,North West
Tl'esqox,TRUE,North East
Tl'etinqox Government,TRUE,North East
Tlowitsis Nation,TRUE,Vancouver Island
Toad River,TRUE,North East
Tobacco Plains Indian Band,TRUE,South East
Toby Creek,TRUE,South East
Tofino,TRUE,Vancouver Island
Tomslake,TRUE,North East
Toosey,TRUE,North East
Topley,TRUE,North West
Topley Landing,TRUE,North West
Toquaht Nation,TRUE,Vancouver Island
Towdystan,TRUE,North East
Tower Lake,TRUE,North East
Traders Cove,TRUE,Central
Trail,TRUE,South East
Tranquille,TRUE,Central
Tremblay,TRUE,North East
Trinity Valley,TRUE,Central
Trout Lake,TRUE,South East
Tsal'alh First Nation(Seton Lake ),TRUE,South West
Tsartlip First Nation,TRUE,Vancouver Island
Tsawout First Nation,TRUE,Vancouver Island
Tsawwassen,TRUE,South West
Tsawwassen First Nation,TRUE,South West
Tsay Keh Dene Nation,TRUE,North East
Tseshaht First Nation,TRUE,Vancouver Island
Tseycum First Nation,TRUE,Vancouver Island
Ts'il Kaz Koh First Nation,TRUE,North West
Ts'kw'aylaxw First Nation,TRUE,Central
Ts'kw'aylaxw First Nation,TRUE,South West
Tsleil-Waututh Nation,TRUE,South West
T'Sou-ke First Nation,TRUE,Vancouver Island
Tulameen,TRUE,Central
Tulsequah,TRUE,North West
Tumbler Ridge,TRUE,North East
Tupper,TRUE,North East
Turtle Valley,TRUE,Central
Tuwanek,TRUE,South West
Twin Butte,TRUE,South East
Twin Creeks,TRUE,South West
Two Rivers,TRUE,North East
Tye,TRUE,South East
Tzeachten First Nation,TRUE,South West
Uchucklesaht Tribe,TRUE,Vancouver Island
Ucluelet,TRUE,Vancouver Island
Ucluelet First Nation ,TRUE,Vancouver Island
Ulkatcho,TRUE,North East
Ulkatcho First Nation,TRUE,North East
Union Bar First Nation,TRUE,South West
Union Bay,TRUE,Vancouver Island
Upper Cutbank,TRUE,North East
Upper Fraser,TRUE,North East
Upper Halfway,TRUE,North East
Upper Nicola Band,TRUE,Central
Upper Similkameen Indian Band,TRUE,Central
Usk,TRUE,North West
Valemount,TRUE,North East
Valley View,TRUE,North East
Vallican,TRUE,South East
Van Anda,TRUE,Vancouver Island
Vancouver,TRUE,South West
Vanderhoof,TRUE,North West
Vaucroft Beach,TRUE,South West
Vavenby,TRUE,Central
Vernon,TRUE,Central
Vesuvius,TRUE,Vancouver Island
Victoria,TRUE,Vancouver Island
Vidette,TRUE,Central
View Royal,TRUE,Vancouver Island
Village Bay,TRUE,Vancouver Island
Vinsulla,TRUE,Central
W'aayi,TRUE,Vancouver Island
Wabi Cresent Park,TRUE,North East
Wadhams,TRUE,North East
Waglisla,TRUE,North East
Wagner Ranch,TRUE,North East
Walhachin,TRUE,Central
Walker Island,TRUE,North East
Walnut Grove,TRUE,South West
Waneta Junction,TRUE,South East
Wardner,TRUE,South East
Warfield,TRUE,South East
Warner Bay,TRUE,Vancouver Island
Wasa,TRUE,South East
We Wei Kai Nation,TRUE,Vancouver Island
Websters Corners,TRUE,South West
Wedeene,TRUE,North West
Wei Wai Kum Nation,TRUE,Vancouver Island
Welcome Beach,TRUE,South West
Wells,TRUE,North East
Weneez,TRUE,North West
West Creston,TRUE,South East
West Kelowna,TRUE,Central
West Moberly First Nations,TRUE,North East
West Vancouver,TRUE,South West
Westbank,TRUE,Central
Westbank First Nation,TRUE,Central
Westbridge,TRUE,South East
Westholme,TRUE,Vancouver Island
Westwold,TRUE,Central
Wet'suwet'en ,TRUE,North West
Wet'suwet'en First Nation,TRUE,North West
Whaletown,TRUE,Vancouver Island
Whisky Creek,TRUE,Vancouver Island
Whispering Pines/Clinton Indian Band,TRUE,Central
Whistler,TRUE,South West
White Lake,TRUE,Central
White Rock,TRUE,South West
White Swan,TRUE,South East
Whonnock,TRUE,South West
Whyac,TRUE,Vancouver Island
Wigwam Inn,TRUE,South West
Wiley,TRUE,North West
Williams Beach,TRUE,Vancouver Island
Williams Lake,TRUE,North East
Williamsons Landing,TRUE,South West
Willow Point,TRUE,South East
Willow River,TRUE,North East
Willow Valley,TRUE,North East
Willowbrook,TRUE,North East
Willowvale,TRUE,North West
Wilmer,TRUE,South East
Wilson Creek,TRUE,South West
Wilson Landing,TRUE,Central
Windermere,TRUE,South East
Winfield,TRUE,Central
Winlaw,TRUE,South East
Winter Harbour,TRUE,Vancouver Island
Witset First Nation,TRUE,North West
Wonowon,TRUE,North East
Woodbury,TRUE,South East
Woodcock,TRUE,North West
Woodfibre,TRUE,South West
Woodmere,TRUE,North West
Woods Landing,TRUE,Central
Woodwards Landing,TRUE,South West
Woss,TRUE,Vancouver Island
Wuikinuxv Nation,TRUE,North East
Wycliffe,TRUE,South East
Wynndel,TRUE,South East
Xats'ull First Nation,TRUE,North East
Xaxli'p First Nation,TRUE,Central
Xaxli'p First Nation,TRUE,South West
Xeni Gwet'in First Nations Government,TRUE,North East
Yaculta,TRUE,Vancouver Island
Yahk,TRUE,South East
Yaku,TRUE,North West
Yakweakwioose First Nation,TRUE,South West
Yale,TRUE,South West
Yale First Nation,TRUE,South West
Yankee Flats,TRUE,Central
yaqan nuʔkiy (Lower Kootenay),TRUE,South East
Yarksis,TRUE,Vancouver Island
Yekooche,TRUE,North West
Yekooche First Nation,TRUE,North West
Yellowhead,TRUE,North East
Ymir,TRUE,South East
Yoho,TRUE,South East
Youbou,TRUE,Vancouver Island
Yreka,TRUE,Vancouver Island
Yunesit'in,TRUE,North East
Yunesit'in Government,TRUE,North East
Yuquot,TRUE,Vancouver Island
Yuuhluth,TRUE,Vancouver Island
Zeballos,TRUE,Vancouver Island
Zincton,TRUE,South East
